Latitude,Longitude,Date,MODIS_Tile,MYD13A2_006_Line_Y_1km,MYD13A2_006_Sample_X_1km,MYD13A2_006__1_km_16_days_NDVI,MYD13A2_006__1_km_16_days_VI_Quality,MYD13A2_006__1_km_16_days_VI_Quality_bitmask,MYD13A2_006__1_km_16_days_VI_Quality_MODLAND,MYD13A2_006__1_km_16_days_VI_Quality_MODLAND_Description,MYD13A2_006__1_km_16_days_VI_Quality_VI_Usefulness,MYD13A2_006__1_km_16_days_VI_Quality_VI_Usefulness_Description,MYD13A2_006__1_km_16_days_VI_Quality_Aerosol_Quantity,MYD13A2_006__1_km_16_days_VI_Quality_Aerosol_Quantity_Description,MYD13A2_006__1_km_16_days_VI_Quality_Adjacent_cloud_detected,MYD13A2_006__1_km_16_days_VI_Quality_Adjacent_cloud_detected_Description,MYD13A2_006__1_km_16_days_VI_Quality_Atmosphere_BRDF_Correction,MYD13A2_006__1_km_16_days_VI_Quality_Atmosphere_BRDF_Correction_Description,MYD13A2_006__1_km_16_days_VI_Quality_Mixed_Clouds,MYD13A2_006__1_km_16_days_VI_Quality_Mixed_Clouds_Description,MYD13A2_006__1_km_16_days_VI_Quality_Land/Water_Mask,MYD13A2_006__1_km_16_days_VI_Quality_Land/Water_Mask_Description,MYD13A2_006__1_km_16_days_VI_Quality_Possible_snow/ice,MYD13A2_006__1_km_16_days_VI_Quality_Possible_snow/ice_Description,MYD13A2_006__1_km_16_days_VI_Quality_Possible_shadow,MYD13A2_006__1_km_16_days_VI_Quality_Possible_shadow_Description
43.0444,-78.7833,2008-01-09,h12v04,834.0,290.0,0.48799997568130493,35221.0,0b1000100110010101,0b01,"VI produced, but check other QA",0b0101,Decreasing quality (0101),0b10,Average,0b1,Yes,0b0,No,0b0,No,0b001,Land (Nothing else but land),0b0,No,0b1,Yes
43.0444,-78.7833,2008-01-25,h12v04,834.0,290.0,0.06279999762773514,35098.0,0b1000100100011010,0b10,"Pixel produced, but most probably cloudy",0b0110,Decreasing quality (0110),0b00,Climatology,0b1,Yes,0b0,No,0b0,No,0b001,Land (Nothing else but land),0b0,No,0b1,Yes
43.0444,-78.7833,2008-02-10,h12v04,834.0,290.0,0.3130999803543091,2518.0,0b0000100111010110,0b10,"Pixel produced, but most probably cloudy",0b0101,Decreasing quality (0101),0b11,High,0b1,Yes,0b0,No,0b0,No,0b001,Land (Nothing else but land),0b0,No,0b0,No
43.0444,-78.7833,2008-02-26,h12v04,834.0,290.0,0.042799998074769974,2058.0,0b0000100000001010,0b10,"Pixel produced, but most probably cloudy",0b0010,Decreasing quality (0010),0b00,Climatology,0b0,No,0b0,No,0b0,No,0b001,Land (Nothing else but land),0b0,No,0b0,No
43.0444,-78.7833,2008-03-13,h12v04,834.0,290.0,0.017400000244379044,2058.0,0b0000100000001010,0b10,"Pixel produced, but most probably cloudy",0b0010,Decreasing quality (0010),0b00,Climatology,0b0,No,0b0,No,0b0,No,0b001,Land (Nothing else but land),0b0,No,0b0,No
43.0444,-78.7833,2008-03-29,h12v04,834.0,290.0,0.3849000036716461,2112.0,0b0000100001000000,0b00,"VI produced, good quality",0b0000,Highest quality,0b01,Low,0b0,No,0b0,No,0b0,No,0b001,Land (Nothing else but land),0b0,No,0b0,No
43.0444,-78.7833,2008-04-14,h12v04,834.0,290.0,0.4277999997138977,2181.0,0b0000100010000101,0b01,"VI produced, but check other QA",0b0001,Lower quality,0b10,Average,0b0,No,0b0,No,0b0,No,0b001,Land (Nothing else but land),0b0,No,0b0,No
43.0444,-78.7833,2008-04-30,h12v04,834.0,290.0,0.7407000064849854,2112.0,0b0000100001000000,0b00,"VI produced, good quality",0b0000,Highest quality,0b01,Low,0b0,No,0b0,No,0b0,No,0b001,Land (Nothing else but land),0b0,No,0b0,No
43.0444,-78.7833,2008-05-16,h12v04,834.0,290.0,0.8037999868392944,2112.0,0b0000100001000000,0b00,"VI produced, good quality",0b0000,Highest quality,0b01,Low,0b0,No,0b0,No,0b0,No,0b001,Land (Nothing else but land),0b0,No,0b0,No
43.0444,-78.7833,2008-06-01,h12v04,834.0,290.0,0.8695999979972839,2112.0,0b0000100001000000,0b00,"VI produced, good quality",0b0000,Highest quality,0b01,Low,0b0,No,0b0,No,0b0,No,0b001,Land (Nothing else but land),0b0,No,0b0,No
43.0444,-78.7833,2008-06-17,h12v04,834.0,290.0,0.8988999724388123,2181.0,0b0000100010000101,0b01,"VI produced, but check other QA",0b0001,Lower quality,0b10,Average,0b0,No,0b0,No,0b0,No,0b001,Land (Nothing else but land),0b0,No,0b0,No
43.0444,-78.7833,2008-07-03,h12v04,834.0,290.0,0.8853999972343445,2112.0,0b0000100001000000,0b00,"VI produced, good quality",0b0000,Highest quality,0b01,Low,0b0,No,0b0,No,0b0,No,0b001,Land (Nothing else but land),0b0,No,0b0,No
43.0444,-78.7833,2008-07-19,h12v04,834.0,290.0,0.914199948310852,2181.0,0b0000100010000101,0b01,"VI produced, but check other QA",0b0001,Lower quality,0b10,Average,0b0,No,0b0,No,0b0,No,0b001,Land (Nothing else but land),0b0,No,0b0,No
43.0444,-78.7833,2008-08-04,h12v04,834.0,290.0,0.8746999502182007,2112.0,0b0000100001000000,0b00,"VI produced, good quality",0b0000,Highest quality,0b01,Low,0b0,No,0b0,No,0b0,No,0b001,Land (Nothing else but land),0b0,No,0b0,No
43.0444,-78.7833,2008-08-20,h12v04,834.0,290.0,0.8568999767303467,2112.0,0b0000100001000000,0b00,"VI produced, good quality",0b0000,Highest quality,0b01,Low,0b0,No,0b0,No,0b0,No,0b001,Land (Nothing else but land),0b0,No,0b0,No
43.0444,-78.7833,2008-09-05,h12v04,834.0,290.0,0.8130999803543091,2116.0,0b0000100001000100,0b00,"VI produced, good quality",0b0001,Lower quality,0b01,Low,0b0,No,0b0,No,0b0,No,0b001,Land (Nothing else but land),0b0,No,0b0,No
43.0444,-78.7833,2008-09-21,h12v04,834.0,290.0,0.7841999530792236,2112.0,0b0000100001000000,0b00,"VI produced, good quality",0b0000,Highest quality,0b01,Low,0b0,No,0b0,No,0b0,No,0b001,Land (Nothing else but land),0b0,No,0b0,No
43.0444,-78.7833,2008-10-07,h12v04,834.0,290.0,0.6941999793052673,2112.0,0b0000100001000000,0b00,"VI produced, good quality",0b0000,Highest quality,0b01,Low,0b0,No,0b0,No,0b0,No,0b001,Land (Nothing else but land),0b0,No,0b0,No
43.0444,-78.7833,2008-10-23,h12v04,834.0,290.0,0.5228999853134155,2185.0,0b0000100010001001,0b01,"VI produced, but check other QA",0b0010,Decreasing quality (0010),0b10,Average,0b0,No,0b0,No,0b0,No,0b001,Land (Nothing else but land),0b0,No,0b0,No
43.0444,-78.7833,2008-11-08,h12v04,834.0,290.0,0.30969998240470886,2062.0,0b0000100000001110,0b10,"Pixel produced, but most probably cloudy",0b0011,Decreasing quality (0011),0b00,Climatology,0b0,No,0b0,No,0b0,No,0b001,Land (Nothing else but land),0b0,No,0b0,No
43.0444,-78.7833,2008-11-24,h12v04,834.0,290.0,0.019500000402331352,2066.0,0b0000100000010010,0b10,"Pixel produced, but most probably cloudy",0b0100,Decreasing quality (0100),0b00,Climatology,0b0,No,0b0,No,0b0,No,0b001,Land (Nothing else but land),0b0,No,0b0,No
43.0444,-78.7833,2008-12-10,h12v04,834.0,290.0,0.09539999812841415,2062.0,0b0000100000001110,0b10,"Pixel produced, but most probably cloudy",0b0011,Decreasing quality (0011),0b00,Climatology,0b0,No,0b0,No,0b0,No,0b001,Land (Nothing else but land),0b0,No,0b0,No
43.0444,-78.7833,2008-12-26,h12v04,834.0,290.0,0.39089998602867126,2189.0,0b0000100010001101,0b01,"VI produced, but check other QA",0b0011,Decreasing quality (0011),0b10,Average,0b0,No,0b0,No,0b0,No,0b001,Land (Nothing else but land),0b0,No,0b0,No
43.0444,-78.7833,2009-01-09,h12v04,834.0,290.0,0.0908999964594841,2326.0,0b0000100100010110,0b10,"Pixel produced, but most probably cloudy",0b0101,Decreasing quality (0101),0b00,Climatology,0b1,Yes,0b0,No,0b0,No,0b001,Land (Nothing else but land),0b0,No,0b0,No
43.0444,-78.7833,2009-01-25,h12v04,834.0,290.0,0.09889999777078629,2062.0,0b0000100000001110,0b10,"Pixel produced, but most probably cloudy",0b0011,Decreasing quality (0011),0b00,Climatology,0b0,No,0b0,No,0b0,No,0b001,Land (Nothing else but land),0b0,No,0b0,No
43.0444,-78.7833,2009-02-10,h12v04,834.0,290.0,0.2705000042915344,3290.0,0b0000110011011010,0b10,"Pixel produced, but most probably cloudy",0b0110,Decreasing quality (0110),0b11,High,0b0,No,0b0,No,0b1,Yes,0b001,Land (Nothing else but land),0b0,No,0b0,No
43.0444,-78.7833,2009-02-26,h12v04,834.0,290.0,0.40299999713897705,2112.0,0b0000100001000000,0b00,"VI produced, good quality",0b0000,Highest quality,0b01,Low,0b0,No,0b0,No,0b0,No,0b001,Land (Nothing else but land),0b0,No,0b0,No
43.0444,-78.7833,2009-03-14,h12v04,834.0,290.0,0.4034999907016754,2112.0,0b0000100001000000,0b00,"VI produced, good quality",0b0000,Highest quality,0b01,Low,0b0,No,0b0,No,0b0,No,0b001,Land (Nothing else but land),0b0,No,0b0,No
43.0444,-78.7833,2009-03-30,h12v04,834.0,290.0,0.4242999851703644,2112.0,0b0000100001000000,0b00,"VI produced, good quality",0b0000,Highest quality,0b01,Low,0b0,No,0b0,No,0b0,No,0b001,Land (Nothing else but land),0b0,No,0b0,No
43.0444,-78.7833,2009-04-15,h12v04,834.0,290.0,0.4196999967098236,2181.0,0b0000100010000101,0b01,"VI produced, but check other QA",0b0001,Lower quality,0b10,Average,0b0,No,0b0,No,0b0,No,0b001,Land (Nothing else but land),0b0,No,0b0,No
43.0444,-78.7833,2009-05-01,h12v04,834.0,290.0,0.5615999698638916,2112.0,0b0000100001000000,0b00,"VI produced, good quality",0b0000,Highest quality,0b01,Low,0b0,No,0b0,No,0b0,No,0b001,Land (Nothing else but land),0b0,No,0b0,No
43.0444,-78.7833,2009-05-17,h12v04,834.0,290.0,0.8052999973297119,2112.0,0b0000100001000000,0b00,"VI produced, good quality",0b0000,Highest quality,0b01,Low,0b0,No,0b0,No,0b0,No,0b001,Land (Nothing else but land),0b0,No,0b0,No
43.0444,-78.7833,2009-06-02,h12v04,834.0,290.0,0.8944999575614929,2116.0,0b0000100001000100,0b00,"VI produced, good quality",0b0001,Lower quality,0b01,Low,0b0,No,0b0,No,0b0,No,0b001,Land (Nothing else but land),0b0,No,0b0,No
43.0444,-78.7833,2009-06-18,h12v04,834.0,290.0,0.894599974155426,2112.0,0b0000100001000000,0b00,"VI produced, good quality",0b0000,Highest quality,0b01,Low,0b0,No,0b0,No,0b0,No,0b001,Land (Nothing else but land),0b0,No,0b0,No
43.0444,-78.7833,2009-07-04,h12v04,834.0,290.0,0.9032999873161316,2112.0,0b0000100001000000,0b00,"VI produced, good quality",0b0000,Highest quality,0b01,Low,0b0,No,0b0,No,0b0,No,0b001,Land (Nothing else but land),0b0,No,0b0,No
43.0444,-78.7833,2009-07-20,h12v04,834.0,290.0,0.887999951839447,2185.0,0b0000100010001001,0b01,"VI produced, but check other QA",0b0010,Decreasing quality (0010),0b10,Average,0b0,No,0b0,No,0b0,No,0b001,Land (Nothing else but land),0b0,No,0b0,No
43.0444,-78.7833,2009-08-05,h12v04,834.0,290.0,0.8743000030517578,2185.0,0b0000100010001001,0b01,"VI produced, but check other QA",0b0010,Decreasing quality (0010),0b10,Average,0b0,No,0b0,No,0b0,No,0b001,Land (Nothing else but land),0b0,No,0b0,No
43.0444,-78.7833,2009-08-21,h12v04,834.0,290.0,0.8455999493598938,2185.0,0b0000100010001001,0b01,"VI produced, but check other QA",0b0010,Decreasing quality (0010),0b10,Average,0b0,No,0b0,No,0b0,No,0b001,Land (Nothing else but land),0b0,No,0b0,No
43.0444,-78.7833,2009-09-06,h12v04,834.0,290.0,0.8395999670028687,2112.0,0b0000100001000000,0b00,"VI produced, good quality",0b0000,Highest quality,0b01,Low,0b0,No,0b0,No,0b0,No,0b001,Land (Nothing else but land),0b0,No,0b0,No
43.0444,-78.7833,2009-09-22,h12v04,834.0,290.0,0.8251000046730042,35029.0,0b1000100011010101,0b01,"VI produced, but check other QA",0b0101,Decreasing quality (0101),0b11,High,0b0,No,0b0,No,0b0,No,0b001,Land (Nothing else but land),0b0,No,0b1,Yes
43.0444,-78.7833,2009-10-08,h12v04,834.0,290.0,0.6348999738693237,2112.0,0b0000100001000000,0b00,"VI produced, good quality",0b0000,Highest quality,0b01,Low,0b0,No,0b0,No,0b0,No,0b001,Land (Nothing else but land),0b0,No,0b0,No
43.0444,-78.7833,2009-10-24,h12v04,834.0,290.0,0.4640999734401703,2116.0,0b0000100001000100,0b00,"VI produced, good quality",0b0001,Lower quality,0b01,Low,0b0,No,0b0,No,0b0,No,0b001,Land (Nothing else but land),0b0,No,0b0,No
43.0444,-78.7833,2009-11-09,h12v04,834.0,290.0,0.49719998240470886,2120.0,0b0000100001001000,0b00,"VI produced, good quality",0b0010,Decreasing quality (0010),0b01,Low,0b0,No,0b0,No,0b0,No,0b001,Land (Nothing else but land),0b0,No,0b0,No
43.0444,-78.7833,2009-11-25,h12v04,834.0,290.0,0.46889999508857727,34961.0,0b1000100010010001,0b01,"VI produced, but check other QA",0b0100,Decreasing quality (0100),0b10,Average,0b0,No,0b0,No,0b0,No,0b001,Land (Nothing else but land),0b0,No,0b1,Yes
43.0444,-78.7833,2009-12-11,h12v04,834.0,290.0,0.40849998593330383,35294.0,0b1000100111011110,0b10,"Pixel produced, but most probably cloudy",0b0111,Decreasing quality (0111),0b11,High,0b1,Yes,0b0,No,0b0,No,0b001,Land (Nothing else but land),0b0,No,0b1,Yes
43.0444,-78.7833,2009-12-27,h12v04,834.0,290.0,0.1216999962925911,2062.0,0b0000100000001110,0b10,"Pixel produced, but most probably cloudy",0b0011,Decreasing quality (0011),0b00,Climatology,0b0,No,0b0,No,0b0,No,0b001,Land (Nothing else but land),0b0,No,0b0,No
43.0444,-78.7833,2010-01-09,h12v04,834.0,290.0,0.1216999962925911,2062.0,0b0000100000001110,0b10,"Pixel produced, but most probably cloudy",0b0011,Decreasing quality (0011),0b00,Climatology,0b0,No,0b0,No,0b0,No,0b001,Land (Nothing else but land),0b0,No,0b0,No
43.0444,-78.7833,2010-01-25,h12v04,834.0,290.0,0.11569999903440475,2058.0,0b0000100000001010,0b10,"Pixel produced, but most probably cloudy",0b0010,Decreasing quality (0010),0b00,Climatology,0b0,No,0b0,No,0b0,No,0b001,Land (Nothing else but land),0b0,No,0b0,No
43.0444,-78.7833,2010-02-10,h12v04,834.0,290.0,0.05829999968409538,2058.0,0b0000100000001010,0b10,"Pixel produced, but most probably cloudy",0b0010,Decreasing quality (0010),0b00,Climatology,0b0,No,0b0,No,0b0,No,0b001,Land (Nothing else but land),0b0,No,0b0,No
43.0444,-78.7833,2010-02-26,h12v04,834.0,290.0,0.025299999862909317,2058.0,0b0000100000001010,0b10,"Pixel produced, but most probably cloudy",0b0010,Decreasing quality (0010),0b00,Climatology,0b0,No,0b0,No,0b0,No,0b001,Land (Nothing else but land),0b0,No,0b0,No
43.0444,-78.7833,2010-03-14,h12v04,834.0,290.0,0.42549997568130493,2112.0,0b0000100001000000,0b00,"VI produced, good quality",0b0000,Highest quality,0b01,Low,0b0,No,0b0,No,0b0,No,0b001,Land (Nothing else but land),0b0,No,0b0,No
43.0444,-78.7833,2010-03-30,h12v04,834.0,290.0,0.4765999913215637,2112.0,0b0000100001000000,0b00,"VI produced, good quality",0b0000,Highest quality,0b01,Low,0b0,No,0b0,No,0b0,No,0b001,Land (Nothing else but land),0b0,No,0b0,No
43.0444,-78.7833,2010-04-15,h12v04,834.0,290.0,0.5388999581336975,2112.0,0b0000100001000000,0b00,"VI produced, good quality",0b0000,Highest quality,0b01,Low,0b0,No,0b0,No,0b0,No,0b001,Land (Nothing else but land),0b0,No,0b0,No
43.0444,-78.7833,2010-05-01,h12v04,834.0,290.0,0.7953000068664551,2112.0,0b0000100001000000,0b00,"VI produced, good quality",0b0000,Highest quality,0b01,Low,0b0,No,0b0,No,0b0,No,0b001,Land (Nothing else but land),0b0,No,0b0,No
43.0444,-78.7833,2010-05-17,h12v04,834.0,290.0,0.8298999667167664,2112.0,0b0000100001000000,0b00,"VI produced, good quality",0b0000,Highest quality,0b01,Low,0b0,No,0b0,No,0b0,No,0b001,Land (Nothing else but land),0b0,No,0b0,No
43.0444,-78.7833,2010-06-02,h12v04,834.0,290.0,0.8883999586105347,2112.0,0b0000100001000000,0b00,"VI produced, good quality",0b0000,Highest quality,0b01,Low,0b0,No,0b0,No,0b0,No,0b001,Land (Nothing else but land),0b0,No,0b0,No
43.0444,-78.7833,2010-06-18,h12v04,834.0,290.0,0.875499963760376,2112.0,0b0000100001000000,0b00,"VI produced, good quality",0b0000,Highest quality,0b01,Low,0b0,No,0b0,No,0b0,No,0b001,Land (Nothing else but land),0b0,No,0b0,No
43.0444,-78.7833,2010-07-04,h12v04,834.0,290.0,0.8710999488830566,2112.0,0b0000100001000000,0b00,"VI produced, good quality",0b0000,Highest quality,0b01,Low,0b0,No,0b0,No,0b0,No,0b001,Land (Nothing else but land),0b0,No,0b0,No
43.0444,-78.7833,2010-07-20,h12v04,834.0,290.0,0.8815999627113342,2112.0,0b0000100001000000,0b00,"VI produced, good quality",0b0000,Highest quality,0b01,Low,0b0,No,0b0,No,0b0,No,0b001,Land (Nothing else but land),0b0,No,0b0,No
43.0444,-78.7833,2010-08-05,h12v04,834.0,290.0,0.8650999665260315,2181.0,0b0000100010000101,0b01,"VI produced, but check other QA",0b0001,Lower quality,0b10,Average,0b0,No,0b0,No,0b0,No,0b001,Land (Nothing else but land),0b0,No,0b0,No
43.0444,-78.7833,2010-08-21,h12v04,834.0,290.0,0.8470999598503113,2112.0,0b0000100001000000,0b00,"VI produced, good quality",0b0000,Highest quality,0b01,Low,0b0,No,0b0,No,0b0,No,0b001,Land (Nothing else but land),0b0,No,0b0,No
43.0444,-78.7833,2010-09-06,h12v04,834.0,290.0,0.8223999738693237,2112.0,0b0000100001000000,0b00,"VI produced, good quality",0b0000,Highest quality,0b01,Low,0b0,No,0b0,No,0b0,No,0b001,Land (Nothing else but land),0b0,No,0b0,No
43.0444,-78.7833,2010-09-22,h12v04,834.0,290.0,0.7631999850273132,2112.0,0b0000100001000000,0b00,"VI produced, good quality",0b0000,Highest quality,0b01,Low,0b0,No,0b0,No,0b0,No,0b001,Land (Nothing else but land),0b0,No,0b0,No
43.0444,-78.7833,2010-10-08,h12v04,834.0,290.0,0.6937999725341797,2112.0,0b0000100001000000,0b00,"VI produced, good quality",0b0000,Highest quality,0b01,Low,0b0,No,0b0,No,0b0,No,0b001,Land (Nothing else but land),0b0,No,0b0,No
43.0444,-78.7833,2010-10-24,h12v04,834.0,290.0,0.48249998688697815,2120.0,0b0000100001001000,0b00,"VI produced, good quality",0b0010,Decreasing quality (0010),0b01,Low,0b0,No,0b0,No,0b0,No,0b001,Land (Nothing else but land),0b0,No,0b0,No
43.0444,-78.7833,2010-11-09,h12v04,834.0,290.0,0.49869999289512634,2116.0,0b0000100001000100,0b00,"VI produced, good quality",0b0001,Lower quality,0b01,Low,0b0,No,0b0,No,0b0,No,0b001,Land (Nothing else but land),0b0,No,0b0,No
43.0444,-78.7833,2010-11-25,h12v04,834.0,290.0,0.3937999904155731,2518.0,0b0000100111010110,0b10,"Pixel produced, but most probably cloudy",0b0101,Decreasing quality (0101),0b11,High,0b1,Yes,0b0,No,0b0,No,0b001,Land (Nothing else but land),0b0,No,0b0,No
43.0444,-78.7833,2010-12-11,h12v04,834.0,290.0,0.02889999933540821,2062.0,0b0000100000001110,0b10,"Pixel produced, but most probably cloudy",0b0011,Decreasing quality (0011),0b00,Climatology,0b0,No,0b0,No,0b0,No,0b001,Land (Nothing else but land),0b0,No,0b0,No
43.0444,-78.7833,2010-12-27,h12v04,834.0,290.0,0.11299999803304672,2322.0,0b0000100100010010,0b10,"Pixel produced, but most probably cloudy",0b0100,Decreasing quality (0100),0b00,Climatology,0b1,Yes,0b0,No,0b0,No,0b001,Land (Nothing else but land),0b0,No,0b0,No
43.0444,-78.7833,2011-01-09,h12v04,834.0,290.0,0.11299999803304672,2322.0,0b0000100100010010,0b10,"Pixel produced, but most probably cloudy",0b0100,Decreasing quality (0100),0b00,Climatology,0b1,Yes,0b0,No,0b0,No,0b001,Land (Nothing else but land),0b0,No,0b0,No
43.0444,-78.7833,2011-01-25,h12v04,834.0,290.0,0.09649999439716339,2062.0,0b0000100000001110,0b10,"Pixel produced, but most probably cloudy",0b0011,Decreasing quality (0011),0b00,Climatology,0b0,No,0b0,No,0b0,No,0b001,Land (Nothing else but land),0b0,No,0b0,No
43.0444,-78.7833,2011-02-10,h12v04,834.0,290.0,0.04659999907016754,18445.0,0b0100100000001101,0b01,"VI produced, but check other QA",0b0011,Decreasing quality (0011),0b00,Climatology,0b0,No,0b0,No,0b0,No,0b001,Land (Nothing else but land),0b1,Yes,0b0,No
43.0444,-78.7833,2011-02-26,h12v04,834.0,290.0,0.0722000002861023,2058.0,0b0000100000001010,0b10,"Pixel produced, but most probably cloudy",0b0010,Decreasing quality (0010),0b00,Climatology,0b0,No,0b0,No,0b0,No,0b001,Land (Nothing else but land),0b0,No,0b0,No
43.0444,-78.7833,2011-03-14,h12v04,834.0,290.0,0.3807999789714813,2185.0,0b0000100010001001,0b01,"VI produced, but check other QA",0b0010,Decreasing quality (0010),0b10,Average,0b0,No,0b0,No,0b0,No,0b001,Land (Nothing else but land),0b0,No,0b0,No
43.0444,-78.7833,2011-03-30,h12v04,834.0,290.0,0.42800000309944153,2116.0,0b0000100001000100,0b00,"VI produced, good quality",0b0001,Lower quality,0b01,Low,0b0,No,0b0,No,0b0,No,0b001,Land (Nothing else but land),0b0,No,0b0,No
43.0444,-78.7833,2011-04-15,h12v04,834.0,290.0,0.468099981546402,2181.0,0b0000100010000101,0b01,"VI produced, but check other QA",0b0001,Lower quality,0b10,Average,0b0,No,0b0,No,0b0,No,0b001,Land (Nothing else but land),0b0,No,0b0,No
43.0444,-78.7833,2011-05-01,h12v04,834.0,290.0,0.6169999837875366,2112.0,0b0000100001000000,0b00,"VI produced, good quality",0b0000,Highest quality,0b01,Low,0b0,No,0b0,No,0b0,No,0b001,Land (Nothing else but land),0b0,No,0b0,No
43.0444,-78.7833,2011-05-17,h12v04,834.0,290.0,0.8845999836921692,2181.0,0b0000100010000101,0b01,"VI produced, but check other QA",0b0001,Lower quality,0b10,Average,0b0,No,0b0,No,0b0,No,0b001,Land (Nothing else but land),0b0,No,0b0,No
43.0444,-78.7833,2011-06-02,h12v04,834.0,290.0,0.8593999743461609,2112.0,0b0000100001000000,0b00,"VI produced, good quality",0b0000,Highest quality,0b01,Low,0b0,No,0b0,No,0b0,No,0b001,Land (Nothing else but land),0b0,No,0b0,No
43.0444,-78.7833,2011-06-18,h12v04,834.0,290.0,0.8172000050544739,2112.0,0b0000100001000000,0b00,"VI produced, good quality",0b0000,Highest quality,0b01,Low,0b0,No,0b0,No,0b0,No,0b001,Land (Nothing else but land),0b0,No,0b0,No
43.0444,-78.7833,2011-07-04,h12v04,834.0,290.0,0.9063999652862549,2116.0,0b0000100001000100,0b00,"VI produced, good quality",0b0001,Lower quality,0b01,Low,0b0,No,0b0,No,0b0,No,0b001,Land (Nothing else but land),0b0,No,0b0,No
43.0444,-78.7833,2011-07-20,h12v04,834.0,290.0,0.8460999727249146,2181.0,0b0000100010000101,0b01,"VI produced, but check other QA",0b0001,Lower quality,0b10,Average,0b0,No,0b0,No,0b0,No,0b001,Land (Nothing else but land),0b0,No,0b0,No
43.0444,-78.7833,2011-08-05,h12v04,834.0,290.0,0.8687999844551086,2116.0,0b0000100001000100,0b00,"VI produced, good quality",0b0001,Lower quality,0b01,Low,0b0,No,0b0,No,0b0,No,0b001,Land (Nothing else but land),0b0,No,0b0,No
43.0444,-78.7833,2011-08-21,h12v04,834.0,290.0,0.8657999634742737,2181.0,0b0000100010000101,0b01,"VI produced, but check other QA",0b0001,Lower quality,0b10,Average,0b0,No,0b0,No,0b0,No,0b001,Land (Nothing else but land),0b0,No,0b0,No
43.0444,-78.7833,2011-09-06,h12v04,834.0,290.0,0.8306999802589417,2112.0,0b0000100001000000,0b00,"VI produced, good quality",0b0000,Highest quality,0b01,Low,0b0,No,0b0,No,0b0,No,0b001,Land (Nothing else but land),0b0,No,0b0,No
43.0444,-78.7833,2011-09-22,h12v04,834.0,290.0,0.7854999899864197,2112.0,0b0000100001000000,0b00,"VI produced, good quality",0b0000,Highest quality,0b01,Low,0b0,No,0b0,No,0b0,No,0b001,Land (Nothing else but land),0b0,No,0b0,No
43.0444,-78.7833,2011-10-08,h12v04,834.0,290.0,0.6933000087738037,2112.0,0b0000100001000000,0b00,"VI produced, good quality",0b0000,Highest quality,0b01,Low,0b0,No,0b0,No,0b0,No,0b001,Land (Nothing else but land),0b0,No,0b0,No
43.0444,-78.7833,2011-10-24,h12v04,834.0,290.0,0.5297999978065491,2116.0,0b0000100001000100,0b00,"VI produced, good quality",0b0001,Lower quality,0b01,Low,0b0,No,0b0,No,0b0,No,0b001,Land (Nothing else but land),0b0,No,0b0,No
43.0444,-78.7833,2011-11-09,h12v04,834.0,290.0,0.46799999475479126,2116.0,0b0000100001000100,0b00,"VI produced, good quality",0b0001,Lower quality,0b01,Low,0b0,No,0b0,No,0b0,No,0b001,Land (Nothing else but land),0b0,No,0b0,No
43.0444,-78.7833,2011-11-25,h12v04,834.0,290.0,0.45159998536109924,2189.0,0b0000100010001101,0b01,"VI produced, but check other QA",0b0011,Decreasing quality (0011),0b10,Average,0b0,No,0b0,No,0b0,No,0b001,Land (Nothing else but land),0b0,No,0b0,No
43.0444,-78.7833,2011-12-11,h12v04,834.0,290.0,0.49570000171661377,2185.0,0b0000100010001001,0b01,"VI produced, but check other QA",0b0010,Decreasing quality (0010),0b10,Average,0b0,No,0b0,No,0b0,No,0b001,Land (Nothing else but land),0b0,No,0b0,No
43.0444,-78.7833,2011-12-27,h12v04,834.0,290.0,0.48819997906684875,2116.0,0b0000100001000100,0b00,"VI produced, good quality",0b0001,Lower quality,0b01,Low,0b0,No,0b0,No,0b0,No,0b001,Land (Nothing else but land),0b0,No,0b0,No
43.0444,-78.7833,2012-01-09,h12v04,834.0,290.0,0.41909998655319214,2120.0,0b0000100001001000,0b00,"VI produced, good quality",0b0010,Decreasing quality (0010),0b01,Low,0b0,No,0b0,No,0b0,No,0b001,Land (Nothing else but land),0b0,No,0b0,No
43.0444,-78.7833,2012-01-25,h12v04,834.0,290.0,0.44769999384880066,2112.0,0b0000100001000000,0b00,"VI produced, good quality",0b0000,Highest quality,0b01,Low,0b0,No,0b0,No,0b0,No,0b001,Land (Nothing else but land),0b0,No,0b0,No
43.0444,-78.7833,2012-02-10,h12v04,834.0,290.0,0.43059998750686646,2112.0,0b0000100001000000,0b00,"VI produced, good quality",0b0000,Highest quality,0b01,Low,0b0,No,0b0,No,0b0,No,0b001,Land (Nothing else but land),0b0,No,0b0,No
43.0444,-78.7833,2012-02-26,h12v04,834.0,290.0,0.4188999831676483,2112.0,0b0000100001000000,0b00,"VI produced, good quality",0b0000,Highest quality,0b01,Low,0b0,No,0b0,No,0b0,No,0b001,Land (Nothing else but land),0b0,No,0b0,No
43.0444,-78.7833,2012-03-13,h12v04,834.0,290.0,0.43779999017715454,2112.0,0b0000100001000000,0b00,"VI produced, good quality",0b0000,Highest quality,0b01,Low,0b0,No,0b0,No,0b0,No,0b001,Land (Nothing else but land),0b0,No,0b0,No
43.0444,-78.7833,2012-03-29,h12v04,834.0,290.0,0.4796999990940094,2112.0,0b0000100001000000,0b00,"VI produced, good quality",0b0000,Highest quality,0b01,Low,0b0,No,0b0,No,0b0,No,0b001,Land (Nothing else but land),0b0,No,0b0,No
43.0444,-78.7833,2012-04-14,h12v04,834.0,290.0,0.5478999614715576,2112.0,0b0000100001000000,0b00,"VI produced, good quality",0b0000,Highest quality,0b01,Low,0b0,No,0b0,No,0b0,No,0b001,Land (Nothing else but land),0b0,No,0b0,No
43.0444,-78.7833,2012-04-30,h12v04,834.0,290.0,0.6751999855041504,2112.0,0b0000100001000000,0b00,"VI produced, good quality",0b0000,Highest quality,0b01,Low,0b0,No,0b0,No,0b0,No,0b001,Land (Nothing else but land),0b0,No,0b0,No
43.0444,-78.7833,2012-05-16,h12v04,834.0,290.0,0.8222000002861023,2112.0,0b0000100001000000,0b00,"VI produced, good quality",0b0000,Highest quality,0b01,Low,0b0,No,0b0,No,0b0,No,0b001,Land (Nothing else but land),0b0,No,0b0,No
43.0444,-78.7833,2012-06-01,h12v04,834.0,290.0,0.8815999627113342,2112.0,0b0000100001000000,0b00,"VI produced, good quality",0b0000,Highest quality,0b01,Low,0b0,No,0b0,No,0b0,No,0b001,Land (Nothing else but land),0b0,No,0b0,No
43.0444,-78.7833,2012-06-17,h12v04,834.0,290.0,0.878600001335144,2112.0,0b0000100001000000,0b00,"VI produced, good quality",0b0000,Highest quality,0b01,Low,0b0,No,0b0,No,0b0,No,0b001,Land (Nothing else but land),0b0,No,0b0,No
43.0444,-78.7833,2012-07-03,h12v04,834.0,290.0,0.8920999765396118,2112.0,0b0000100001000000,0b00,"VI produced, good quality",0b0000,Highest quality,0b01,Low,0b0,No,0b0,No,0b0,No,0b001,Land (Nothing else but land),0b0,No,0b0,No
43.0444,-78.7833,2012-07-19,h12v04,834.0,290.0,0.8471999764442444,2112.0,0b0000100001000000,0b00,"VI produced, good quality",0b0000,Highest quality,0b01,Low,0b0,No,0b0,No,0b0,No,0b001,Land (Nothing else but land),0b0,No,0b0,No
43.0444,-78.7833,2012-08-04,h12v04,834.0,290.0,0.8513000011444092,2116.0,0b0000100001000100,0b00,"VI produced, good quality",0b0001,Lower quality,0b01,Low,0b0,No,0b0,No,0b0,No,0b001,Land (Nothing else but land),0b0,No,0b0,No
43.0444,-78.7833,2012-08-20,h12v04,834.0,290.0,0.8073999881744385,2112.0,0b0000100001000000,0b00,"VI produced, good quality",0b0000,Highest quality,0b01,Low,0b0,No,0b0,No,0b0,No,0b001,Land (Nothing else but land),0b0,No,0b0,No
43.0444,-78.7833,2012-09-05,h12v04,834.0,290.0,0.8294999599456787,2112.0,0b0000100001000000,0b00,"VI produced, good quality",0b0000,Highest quality,0b01,Low,0b0,No,0b0,No,0b0,No,0b001,Land (Nothing else but land),0b0,No,0b0,No
43.0444,-78.7833,2012-09-21,h12v04,834.0,290.0,0.7152000069618225,2112.0,0b0000100001000000,0b00,"VI produced, good quality",0b0000,Highest quality,0b01,Low,0b0,No,0b0,No,0b0,No,0b001,Land (Nothing else but land),0b0,No,0b0,No
43.0444,-78.7833,2012-10-07,h12v04,834.0,290.0,0.6908000111579895,2116.0,0b0000100001000100,0b00,"VI produced, good quality",0b0001,Lower quality,0b01,Low,0b0,No,0b0,No,0b0,No,0b001,Land (Nothing else but land),0b0,No,0b0,No
43.0444,-78.7833,2012-10-23,h12v04,834.0,290.0,0.4721999764442444,2120.0,0b0000100001001000,0b00,"VI produced, good quality",0b0010,Decreasing quality (0010),0b01,Low,0b0,No,0b0,No,0b0,No,0b001,Land (Nothing else but land),0b0,No,0b0,No
43.0444,-78.7833,2012-11-08,h12v04,834.0,290.0,0.45719999074935913,2120.0,0b0000100001001000,0b00,"VI produced, good quality",0b0010,Decreasing quality (0010),0b01,Low,0b0,No,0b0,No,0b0,No,0b001,Land (Nothing else but land),0b0,No,0b0,No
43.0444,-78.7833,2012-11-24,h12v04,834.0,290.0,0.47039997577667236,35293.0,0b1000100111011101,0b01,"VI produced, but check other QA",0b0111,Decreasing quality (0111),0b11,High,0b1,Yes,0b0,No,0b0,No,0b001,Land (Nothing else but land),0b0,No,0b1,Yes
43.0444,-78.7833,2012-12-10,h12v04,834.0,290.0,0.4851999878883362,2120.0,0b0000100001001000,0b00,"VI produced, good quality",0b0010,Decreasing quality (0010),0b01,Low,0b0,No,0b0,No,0b0,No,0b001,Land (Nothing else but land),0b0,No,0b0,No
43.0444,-78.7833,2012-12-26,h12v04,834.0,290.0,0.296999990940094,3294.0,0b0000110011011110,0b10,"Pixel produced, but most probably cloudy",0b0111,Decreasing quality (0111),0b11,High,0b0,No,0b0,No,0b1,Yes,0b001,Land (Nothing else but land),0b0,No,0b0,No
43.0444,-78.7833,2013-01-09,h12v04,834.0,290.0,0.296999990940094,3294.0,0b0000110011011110,0b10,"Pixel produced, but most probably cloudy",0b0111,Decreasing quality (0111),0b11,High,0b0,No,0b0,No,0b1,Yes,0b001,Land (Nothing else but land),0b0,No,0b0,No
43.0444,-78.7833,2013-01-25,h12v04,834.0,290.0,0.12029999494552612,2058.0,0b0000100000001010,0b10,"Pixel produced, but most probably cloudy",0b0010,Decreasing quality (0010),0b00,Climatology,0b0,No,0b0,No,0b0,No,0b001,Land (Nothing else but land),0b0,No,0b0,No
43.0444,-78.7833,2013-02-10,h12v04,834.0,290.0,0.0543999969959259,51225.0,0b1100100000011001,0b01,"VI produced, but check other QA",0b0110,Decreasing quality (0110),0b00,Climatology,0b0,No,0b0,No,0b0,No,0b001,Land (Nothing else but land),0b1,Yes,0b1,Yes
43.0444,-78.7833,2013-02-26,h12v04,834.0,290.0,0.3577999770641327,2185.0,0b0000100010001001,0b01,"VI produced, but check other QA",0b0010,Decreasing quality (0010),0b10,Average,0b0,No,0b0,No,0b0,No,0b001,Land (Nothing else but land),0b0,No,0b0,No
43.0444,-78.7833,2013-03-14,h12v04,834.0,290.0,0.4213999807834625,2181.0,0b0000100010000101,0b01,"VI produced, but check other QA",0b0001,Lower quality,0b10,Average,0b0,No,0b0,No,0b0,No,0b001,Land (Nothing else but land),0b0,No,0b0,No
43.0444,-78.7833,2013-03-30,h12v04,834.0,290.0,0.43619999289512634,2112.0,0b0000100001000000,0b00,"VI produced, good quality",0b0000,Highest quality,0b01,Low,0b0,No,0b0,No,0b0,No,0b001,Land (Nothing else but land),0b0,No,0b0,No
43.0444,-78.7833,2013-04-15,h12v04,834.0,290.0,0.4648999869823456,2112.0,0b0000100001000000,0b00,"VI produced, good quality",0b0000,Highest quality,0b01,Low,0b0,No,0b0,No,0b0,No,0b001,Land (Nothing else but land),0b0,No,0b0,No
43.0444,-78.7833,2013-05-01,h12v04,834.0,290.0,0.568399965763092,2112.0,0b0000100001000000,0b00,"VI produced, good quality",0b0000,Highest quality,0b01,Low,0b0,No,0b0,No,0b0,No,0b001,Land (Nothing else but land),0b0,No,0b0,No
43.0444,-78.7833,2013-05-17,h12v04,834.0,290.0,0.8387999534606934,2112.0,0b0000100001000000,0b00,"VI produced, good quality",0b0000,Highest quality,0b01,Low,0b0,No,0b0,No,0b0,No,0b001,Land (Nothing else but land),0b0,No,0b0,No
43.0444,-78.7833,2013-06-02,h12v04,834.0,290.0,0.8484999537467957,2116.0,0b0000100001000100,0b00,"VI produced, good quality",0b0001,Lower quality,0b01,Low,0b0,No,0b0,No,0b0,No,0b001,Land (Nothing else but land),0b0,No,0b0,No
43.0444,-78.7833,2013-06-18,h12v04,834.0,290.0,0.8815999627113342,2112.0,0b0000100001000000,0b00,"VI produced, good quality",0b0000,Highest quality,0b01,Low,0b0,No,0b0,No,0b0,No,0b001,Land (Nothing else but land),0b0,No,0b0,No
43.0444,-78.7833,2013-07-04,h12v04,834.0,290.0,0.8529999852180481,2112.0,0b0000100001000000,0b00,"VI produced, good quality",0b0000,Highest quality,0b01,Low,0b0,No,0b0,No,0b0,No,0b001,Land (Nothing else but land),0b0,No,0b0,No
43.0444,-78.7833,2013-07-20,h12v04,834.0,290.0,0.8743000030517578,2181.0,0b0000100010000101,0b01,"VI produced, but check other QA",0b0001,Lower quality,0b10,Average,0b0,No,0b0,No,0b0,No,0b001,Land (Nothing else but land),0b0,No,0b0,No
43.0444,-78.7833,2013-08-05,h12v04,834.0,290.0,0.8756999969482422,2116.0,0b0000100001000100,0b00,"VI produced, good quality",0b0001,Lower quality,0b01,Low,0b0,No,0b0,No,0b0,No,0b001,Land (Nothing else but land),0b0,No,0b0,No
43.0444,-78.7833,2013-08-21,h12v04,834.0,290.0,0.8768999576568604,2112.0,0b0000100001000000,0b00,"VI produced, good quality",0b0000,Highest quality,0b01,Low,0b0,No,0b0,No,0b0,No,0b001,Land (Nothing else but land),0b0,No,0b0,No
43.0444,-78.7833,2013-09-06,h12v04,834.0,290.0,0.8104000091552734,2116.0,0b0000100001000100,0b00,"VI produced, good quality",0b0001,Lower quality,0b01,Low,0b0,No,0b0,No,0b0,No,0b001,Land (Nothing else but land),0b0,No,0b0,No
43.0444,-78.7833,2013-09-22,h12v04,834.0,290.0,0.770799994468689,2112.0,0b0000100001000000,0b00,"VI produced, good quality",0b0000,Highest quality,0b01,Low,0b0,No,0b0,No,0b0,No,0b001,Land (Nothing else but land),0b0,No,0b0,No
43.0444,-78.7833,2013-10-08,h12v04,834.0,290.0,0.7382000088691711,2112.0,0b0000100001000000,0b00,"VI produced, good quality",0b0000,Highest quality,0b01,Low,0b0,No,0b0,No,0b0,No,0b001,Land (Nothing else but land),0b0,No,0b0,No
43.0444,-78.7833,2013-10-24,h12v04,834.0,290.0,0.5708999633789062,2116.0,0b0000100001000100,0b00,"VI produced, good quality",0b0001,Lower quality,0b01,Low,0b0,No,0b0,No,0b0,No,0b001,Land (Nothing else but land),0b0,No,0b0,No
43.0444,-78.7833,2013-11-09,h12v04,834.0,290.0,0.491599977016449,2120.0,0b0000100001001000,0b00,"VI produced, good quality",0b0010,Decreasing quality (0010),0b01,Low,0b0,No,0b0,No,0b0,No,0b001,Land (Nothing else but land),0b0,No,0b0,No
43.0444,-78.7833,2013-11-25,h12v04,834.0,290.0,0.4122999906539917,2257.0,0b0000100011010001,0b01,"VI produced, but check other QA",0b0100,Decreasing quality (0100),0b11,High,0b0,No,0b0,No,0b0,No,0b001,Land (Nothing else but land),0b0,No,0b0,No
43.0444,-78.7833,2013-12-11,h12v04,834.0,290.0,0.06069999933242798,2062.0,0b0000100000001110,0b10,"Pixel produced, but most probably cloudy",0b0011,Decreasing quality (0011),0b00,Climatology,0b0,No,0b0,No,0b0,No,0b001,Land (Nothing else but land),0b0,No,0b0,No
43.0444,-78.7833,2013-12-27,h12v04,834.0,290.0,0.4145999848842621,35293.0,0b1000100111011101,0b01,"VI produced, but check other QA",0b0111,Decreasing quality (0111),0b11,High,0b1,Yes,0b0,No,0b0,No,0b001,Land (Nothing else but land),0b0,No,0b1,Yes
43.0444,-78.7833,2014-01-09,h12v04,834.0,290.0,0.4145999848842621,35293.0,0b1000100111011101,0b01,"VI produced, but check other QA",0b0111,Decreasing quality (0111),0b11,High,0b1,Yes,0b0,No,0b0,No,0b001,Land (Nothing else but land),0b0,No,0b1,Yes
43.0444,-78.7833,2014-01-25,h12v04,834.0,290.0,0.9460999965667725,35294.0,0b1000100111011110,0b10,"Pixel produced, but most probably cloudy",0b0111,Decreasing quality (0111),0b11,High,0b1,Yes,0b0,No,0b0,No,0b001,Land (Nothing else but land),0b0,No,0b1,Yes
43.0444,-78.7833,2014-02-10,h12v04,834.0,290.0,0.08760000020265579,2058.0,0b0000100000001010,0b10,"Pixel produced, but most probably cloudy",0b0010,Decreasing quality (0010),0b00,Climatology,0b0,No,0b0,No,0b0,No,0b001,Land (Nothing else but land),0b0,No,0b0,No
43.0444,-78.7833,2014-02-26,h12v04,834.0,290.0,0.09549999982118607,2058.0,0b0000100000001010,0b10,"Pixel produced, but most probably cloudy",0b0010,Decreasing quality (0010),0b00,Climatology,0b0,No,0b0,No,0b0,No,0b001,Land (Nothing else but land),0b0,No,0b0,No
43.0444,-78.7833,2014-03-14,h12v04,834.0,290.0,0.08209999650716782,2058.0,0b0000100000001010,0b10,"Pixel produced, but most probably cloudy",0b0010,Decreasing quality (0010),0b00,Climatology,0b0,No,0b0,No,0b0,No,0b001,Land (Nothing else but land),0b0,No,0b0,No
43.0444,-78.7833,2014-03-30,h12v04,834.0,290.0,0.42549997568130493,2116.0,0b0000100001000100,0b00,"VI produced, good quality",0b0001,Lower quality,0b01,Low,0b0,No,0b0,No,0b0,No,0b001,Land (Nothing else but land),0b0,No,0b0,No
43.0444,-78.7833,2014-04-15,h12v04,834.0,290.0,0.44769999384880066,2112.0,0b0000100001000000,0b00,"VI produced, good quality",0b0000,Highest quality,0b01,Low,0b0,No,0b0,No,0b0,No,0b001,Land (Nothing else but land),0b0,No,0b0,No
43.0444,-78.7833,2014-05-01,h12v04,834.0,290.0,0.6234999895095825,2116.0,0b0000100001000100,0b00,"VI produced, good quality",0b0001,Lower quality,0b01,Low,0b0,No,0b0,No,0b0,No,0b001,Land (Nothing else but land),0b0,No,0b0,No
43.0444,-78.7833,2014-05-17,h12v04,834.0,290.0,0.7894999980926514,2116.0,0b0000100001000100,0b00,"VI produced, good quality",0b0001,Lower quality,0b01,Low,0b0,No,0b0,No,0b0,No,0b001,Land (Nothing else but land),0b0,No,0b0,No
43.0444,-78.7833,2014-06-02,h12v04,834.0,290.0,0.8729999661445618,2116.0,0b0000100001000100,0b00,"VI produced, good quality",0b0001,Lower quality,0b01,Low,0b0,No,0b0,No,0b0,No,0b001,Land (Nothing else but land),0b0,No,0b0,No
43.0444,-78.7833,2014-06-18,h12v04,834.0,290.0,0.8791999816894531,2112.0,0b0000100001000000,0b00,"VI produced, good quality",0b0000,Highest quality,0b01,Low,0b0,No,0b0,No,0b0,No,0b001,Land (Nothing else but land),0b0,No,0b0,No
43.0444,-78.7833,2014-07-04,h12v04,834.0,290.0,0.8912000060081482,2112.0,0b0000100001000000,0b00,"VI produced, good quality",0b0000,Highest quality,0b01,Low,0b0,No,0b0,No,0b0,No,0b001,Land (Nothing else but land),0b0,No,0b0,No
43.0444,-78.7833,2014-07-20,h12v04,834.0,290.0,0.8834999799728394,2112.0,0b0000100001000000,0b00,"VI produced, good quality",0b0000,Highest quality,0b01,Low,0b0,No,0b0,No,0b0,No,0b001,Land (Nothing else but land),0b0,No,0b0,No
43.0444,-78.7833,2014-08-05,h12v04,834.0,290.0,0.8643999695777893,2181.0,0b0000100010000101,0b01,"VI produced, but check other QA",0b0001,Lower quality,0b10,Average,0b0,No,0b0,No,0b0,No,0b001,Land (Nothing else but land),0b0,No,0b0,No
43.0444,-78.7833,2014-08-21,h12v04,834.0,290.0,0.8866999745368958,2112.0,0b0000100001000000,0b00,"VI produced, good quality",0b0000,Highest quality,0b01,Low,0b0,No,0b0,No,0b0,No,0b001,Land (Nothing else but land),0b0,No,0b0,No
43.0444,-78.7833,2014-09-06,h12v04,834.0,290.0,0.8571999669075012,2116.0,0b0000100001000100,0b00,"VI produced, good quality",0b0001,Lower quality,0b01,Low,0b0,No,0b0,No,0b0,No,0b001,Land (Nothing else but land),0b0,No,0b0,No
43.0444,-78.7833,2014-09-22,h12v04,834.0,290.0,0.7851999998092651,2112.0,0b0000100001000000,0b00,"VI produced, good quality",0b0000,Highest quality,0b01,Low,0b0,No,0b0,No,0b0,No,0b001,Land (Nothing else but land),0b0,No,0b0,No
43.0444,-78.7833,2014-10-08,h12v04,834.0,290.0,0.7107999920845032,2112.0,0b0000100001000000,0b00,"VI produced, good quality",0b0000,Highest quality,0b01,Low,0b0,No,0b0,No,0b0,No,0b001,Land (Nothing else but land),0b0,No,0b0,No
43.0444,-78.7833,2014-10-24,h12v04,834.0,290.0,0.5008999705314636,2116.0,0b0000100001000100,0b00,"VI produced, good quality",0b0001,Lower quality,0b01,Low,0b0,No,0b0,No,0b0,No,0b001,Land (Nothing else but land),0b0,No,0b0,No
43.0444,-78.7833,2014-11-09,h12v04,834.0,290.0,0.4974999725818634,2185.0,0b0000100010001001,0b01,"VI produced, but check other QA",0b0010,Decreasing quality (0010),0b10,Average,0b0,No,0b0,No,0b0,No,0b001,Land (Nothing else but land),0b0,No,0b0,No
43.0444,-78.7833,2014-11-25,h12v04,834.0,290.0,0.09829999506473541,2325.0,0b0000100100010101,0b01,"VI produced, but check other QA",0b0101,Decreasing quality (0101),0b00,Climatology,0b1,Yes,0b0,No,0b0,No,0b001,Land (Nothing else but land),0b0,No,0b0,No
43.0444,-78.7833,2014-12-11,h12v04,834.0,290.0,0.44449999928474426,2185.0,0b0000100010001001,0b01,"VI produced, but check other QA",0b0010,Decreasing quality (0010),0b10,Average,0b0,No,0b0,No,0b0,No,0b001,Land (Nothing else but land),0b0,No,0b0,No
43.0444,-78.7833,2014-12-27,h12v04,834.0,290.0,0.11379999667406082,2062.0,0b0000100000001110,0b10,"Pixel produced, but most probably cloudy",0b0011,Decreasing quality (0011),0b00,Climatology,0b0,No,0b0,No,0b0,No,0b001,Land (Nothing else but land),0b0,No,0b0,No
43.0444,-78.7833,2015-01-09,h12v04,834.0,290.0,0.11379999667406082,2062.0,0b0000100000001110,0b10,"Pixel produced, but most probably cloudy",0b0011,Decreasing quality (0011),0b00,Climatology,0b0,No,0b0,No,0b0,No,0b001,Land (Nothing else but land),0b0,No,0b0,No
43.0444,-78.7833,2015-01-25,h12v04,834.0,290.0,0.5092999935150146,2258.0,0b0000100011010010,0b10,"Pixel produced, but most probably cloudy",0b0100,Decreasing quality (0100),0b11,High,0b0,No,0b0,No,0b0,No,0b001,Land (Nothing else but land),0b0,No,0b0,No
43.0444,-78.7833,2015-02-10,h12v04,834.0,290.0,0.08129999786615372,4110.0,0b0001000000001110,0b10,"Pixel produced, but most probably cloudy",0b0011,Decreasing quality (0011),0b00,Climatology,0b0,No,0b0,No,0b0,No,0b010,Ocean coastlines and lake shorelines,0b0,No,0b0,No
43.0444,-78.7833,2015-02-26,h12v04,834.0,290.0,0.07620000094175339,2058.0,0b0000100000001010,0b10,"Pixel produced, but most probably cloudy",0b0010,Decreasing quality (0010),0b00,Climatology,0b0,No,0b0,No,0b0,No,0b001,Land (Nothing else but land),0b0,No,0b0,No
43.0444,-78.7833,2015-03-14,h12v04,834.0,290.0,0.07530000060796738,2058.0,0b0000100000001010,0b10,"Pixel produced, but most probably cloudy",0b0010,Decreasing quality (0010),0b00,Climatology,0b0,No,0b0,No,0b0,No,0b001,Land (Nothing else but land),0b0,No,0b0,No
43.0444,-78.7833,2015-03-30,h12v04,834.0,290.0,0.4052000045776367,2116.0,0b0000100001000100,0b00,"VI produced, good quality",0b0001,Lower quality,0b01,Low,0b0,No,0b0,No,0b0,No,0b001,Land (Nothing else but land),0b0,No,0b0,No
43.0444,-78.7833,2015-04-15,h12v04,834.0,290.0,0.4333999752998352,2112.0,0b0000100001000000,0b00,"VI produced, good quality",0b0000,Highest quality,0b01,Low,0b0,No,0b0,No,0b0,No,0b001,Land (Nothing else but land),0b0,No,0b0,No
43.0444,-78.7833,2015-05-01,h12v04,834.0,290.0,0.5537999868392944,2112.0,0b0000100001000000,0b00,"VI produced, good quality",0b0000,Highest quality,0b01,Low,0b0,No,0b0,No,0b0,No,0b001,Land (Nothing else but land),0b0,No,0b0,No
43.0444,-78.7833,2015-05-17,h12v04,834.0,290.0,0.8263999819755554,2112.0,0b0000100001000000,0b00,"VI produced, good quality",0b0000,Highest quality,0b01,Low,0b0,No,0b0,No,0b0,No,0b001,Land (Nothing else but land),0b0,No,0b0,No
43.0444,-78.7833,2015-06-02,h12v04,834.0,290.0,0.8596000075340271,2116.0,0b0000100001000100,0b00,"VI produced, good quality",0b0001,Lower quality,0b01,Low,0b0,No,0b0,No,0b0,No,0b001,Land (Nothing else but land),0b0,No,0b0,No
43.0444,-78.7833,2015-06-18,h12v04,834.0,290.0,0.8639000058174133,2112.0,0b0000100001000000,0b00,"VI produced, good quality",0b0000,Highest quality,0b01,Low,0b0,No,0b0,No,0b0,No,0b001,Land (Nothing else but land),0b0,No,0b0,No
43.0444,-78.7833,2015-07-04,h12v04,834.0,290.0,0.8776999711990356,2112.0,0b0000100001000000,0b00,"VI produced, good quality",0b0000,Highest quality,0b01,Low,0b0,No,0b0,No,0b0,No,0b001,Land (Nothing else but land),0b0,No,0b0,No
43.0444,-78.7833,2015-07-20,h12v04,834.0,290.0,0.8703999519348145,2112.0,0b0000100001000000,0b00,"VI produced, good quality",0b0000,Highest quality,0b01,Low,0b0,No,0b0,No,0b0,No,0b001,Land (Nothing else but land),0b0,No,0b0,No
43.0444,-78.7833,2015-08-05,h12v04,834.0,290.0,0.8565999865531921,2181.0,0b0000100010000101,0b01,"VI produced, but check other QA",0b0001,Lower quality,0b10,Average,0b0,No,0b0,No,0b0,No,0b001,Land (Nothing else but land),0b0,No,0b0,No
43.0444,-78.7833,2015-08-21,h12v04,834.0,290.0,0.857699990272522,2181.0,0b0000100010000101,0b01,"VI produced, but check other QA",0b0001,Lower quality,0b10,Average,0b0,No,0b0,No,0b0,No,0b001,Land (Nothing else but land),0b0,No,0b0,No
43.0444,-78.7833,2015-09-06,h12v04,834.0,290.0,0.8485999703407288,2112.0,0b0000100001000000,0b00,"VI produced, good quality",0b0000,Highest quality,0b01,Low,0b0,No,0b0,No,0b0,No,0b001,Land (Nothing else but land),0b0,No,0b0,No
43.0444,-78.7833,2015-09-22,h12v04,834.0,290.0,0.7953999638557434,2112.0,0b0000100001000000,0b00,"VI produced, good quality",0b0000,Highest quality,0b01,Low,0b0,No,0b0,No,0b0,No,0b001,Land (Nothing else but land),0b0,No,0b0,No
43.0444,-78.7833,2015-10-08,h12v04,834.0,290.0,0.679099977016449,2112.0,0b0000100001000000,0b00,"VI produced, good quality",0b0000,Highest quality,0b01,Low,0b0,No,0b0,No,0b0,No,0b001,Land (Nothing else but land),0b0,No,0b0,No
43.0444,-78.7833,2015-10-24,h12v04,834.0,290.0,0.5270999670028687,2112.0,0b0000100001000000,0b00,"VI produced, good quality",0b0000,Highest quality,0b01,Low,0b0,No,0b0,No,0b0,No,0b001,Land (Nothing else but land),0b0,No,0b0,No
43.0444,-78.7833,2015-11-09,h12v04,834.0,290.0,0.4693000018596649,2116.0,0b0000100001000100,0b00,"VI produced, good quality",0b0001,Lower quality,0b01,Low,0b0,No,0b0,No,0b0,No,0b001,Land (Nothing else but land),0b0,No,0b0,No
43.0444,-78.7833,2015-11-25,h12v04,834.0,290.0,0.45619997382164,2116.0,0b0000100001000100,0b00,"VI produced, good quality",0b0001,Lower quality,0b01,Low,0b0,No,0b0,No,0b0,No,0b001,Land (Nothing else but land),0b0,No,0b0,No
43.0444,-78.7833,2015-12-11,h12v04,834.0,290.0,0.4708999991416931,2116.0,0b0000100001000100,0b00,"VI produced, good quality",0b0001,Lower quality,0b01,Low,0b0,No,0b0,No,0b0,No,0b001,Land (Nothing else but land),0b0,No,0b0,No
43.0444,-78.7833,2015-12-27,h12v04,834.0,290.0,0.4262999892234802,35293.0,0b1000100111011101,0b01,"VI produced, but check other QA",0b0111,Decreasing quality (0111),0b11,High,0b1,Yes,0b0,No,0b0,No,0b001,Land (Nothing else but land),0b0,No,0b1,Yes
43.0444,-78.7833,2016-01-09,h12v04,834.0,290.0,0.3224000036716461,2066.0,0b0000100000010010,0b10,"Pixel produced, but most probably cloudy",0b0100,Decreasing quality (0100),0b00,Climatology,0b0,No,0b0,No,0b0,No,0b001,Land (Nothing else but land),0b0,No,0b0,No
43.0444,-78.7833,2016-01-25,h12v04,834.0,290.0,0.4390999972820282,2185.0,0b0000100010001001,0b01,"VI produced, but check other QA",0b0010,Decreasing quality (0010),0b10,Average,0b0,No,0b0,No,0b0,No,0b001,Land (Nothing else but land),0b0,No,0b0,No
43.0444,-78.7833,2016-02-10,h12v04,834.0,290.0,0.09459999948740005,2058.0,0b0000100000001010,0b10,"Pixel produced, but most probably cloudy",0b0010,Decreasing quality (0010),0b00,Climatology,0b0,No,0b0,No,0b0,No,0b001,Land (Nothing else but land),0b0,No,0b0,No
43.0444,-78.7833,2016-02-26,h12v04,834.0,290.0,0.42729997634887695,2253.0,0b0000100011001101,0b01,"VI produced, but check other QA",0b0011,Decreasing quality (0011),0b11,High,0b0,No,0b0,No,0b0,No,0b001,Land (Nothing else but land),0b0,No,0b0,No
43.0444,-78.7833,2016-03-13,h12v04,834.0,290.0,0.45719999074935913,2112.0,0b0000100001000000,0b00,"VI produced, good quality",0b0000,Highest quality,0b01,Low,0b0,No,0b0,No,0b0,No,0b001,Land (Nothing else but land),0b0,No,0b0,No
43.0444,-78.7833,2016-03-29,h12v04,834.0,290.0,0.4684999883174896,2116.0,0b0000100001000100,0b00,"VI produced, good quality",0b0001,Lower quality,0b01,Low,0b0,No,0b0,No,0b0,No,0b001,Land (Nothing else but land),0b0,No,0b0,No
43.0444,-78.7833,2016-04-14,h12v04,834.0,290.0,0.4440999925136566,2112.0,0b0000100001000000,0b00,"VI produced, good quality",0b0000,Highest quality,0b01,Low,0b0,No,0b0,No,0b0,No,0b001,Land (Nothing else but land),0b0,No,0b0,No
43.0444,-78.7833,2016-04-30,h12v04,834.0,290.0,0.6251999735832214,35217.0,0b1000100110010001,0b01,"VI produced, but check other QA",0b0100,Decreasing quality (0100),0b10,Average,0b1,Yes,0b0,No,0b0,No,0b001,Land (Nothing else but land),0b0,No,0b1,Yes
43.0444,-78.7833,2016-05-16,h12v04,834.0,290.0,0.7181999683380127,2112.0,0b0000100001000000,0b00,"VI produced, good quality",0b0000,Highest quality,0b01,Low,0b0,No,0b0,No,0b0,No,0b001,Land (Nothing else but land),0b0,No,0b0,No
43.0444,-78.7833,2016-06-01,h12v04,834.0,290.0,0.8890999555587769,2112.0,0b0000100001000000,0b00,"VI produced, good quality",0b0000,Highest quality,0b01,Low,0b0,No,0b0,No,0b0,No,0b001,Land (Nothing else but land),0b0,No,0b0,No
43.0444,-78.7833,2016-06-17,h12v04,834.0,290.0,0.8580999970436096,2112.0,0b0000100001000000,0b00,"VI produced, good quality",0b0000,Highest quality,0b01,Low,0b0,No,0b0,No,0b0,No,0b001,Land (Nothing else but land),0b0,No,0b0,No
43.0444,-78.7833,2016-07-03,h12v04,834.0,290.0,0.8865000009536743,2112.0,0b0000100001000000,0b00,"VI produced, good quality",0b0000,Highest quality,0b01,Low,0b0,No,0b0,No,0b0,No,0b001,Land (Nothing else but land),0b0,No,0b0,No
43.0444,-78.7833,2016-07-19,h12v04,834.0,290.0,0.858299970626831,2112.0,0b0000100001000000,0b00,"VI produced, good quality",0b0000,Highest quality,0b01,Low,0b0,No,0b0,No,0b0,No,0b001,Land (Nothing else but land),0b0,No,0b0,No
43.0444,-78.7833,2016-08-04,h12v04,834.0,290.0,0.9068999886512756,2112.0,0b0000100001000000,0b00,"VI produced, good quality",0b0000,Highest quality,0b01,Low,0b0,No,0b0,No,0b0,No,0b001,Land (Nothing else but land),0b0,No,0b0,No
43.0444,-78.7833,2016-08-20,h12v04,834.0,290.0,0.890999972820282,2112.0,0b0000100001000000,0b00,"VI produced, good quality",0b0000,Highest quality,0b01,Low,0b0,No,0b0,No,0b0,No,0b001,Land (Nothing else but land),0b0,No,0b0,No
43.0444,-78.7833,2016-09-05,h12v04,834.0,290.0,0.8650999665260315,2112.0,0b0000100001000000,0b00,"VI produced, good quality",0b0000,Highest quality,0b01,Low,0b0,No,0b0,No,0b0,No,0b001,Land (Nothing else but land),0b0,No,0b0,No
43.0444,-78.7833,2016-09-21,h12v04,834.0,290.0,0.8077999949455261,2116.0,0b0000100001000100,0b00,"VI produced, good quality",0b0001,Lower quality,0b01,Low,0b0,No,0b0,No,0b0,No,0b001,Land (Nothing else but land),0b0,No,0b0,No
43.0444,-78.7833,2016-10-07,h12v04,834.0,290.0,0.8030999898910522,2112.0,0b0000100001000000,0b00,"VI produced, good quality",0b0000,Highest quality,0b01,Low,0b0,No,0b0,No,0b0,No,0b001,Land (Nothing else but land),0b0,No,0b0,No
43.0444,-78.7833,2016-10-23,h12v04,834.0,290.0,0.5745999813079834,2112.0,0b0000100001000000,0b00,"VI produced, good quality",0b0000,Highest quality,0b01,Low,0b0,No,0b0,No,0b0,No,0b001,Land (Nothing else but land),0b0,No,0b0,No
43.0444,-78.7833,2016-11-08,h12v04,834.0,290.0,0.42800000309944153,2116.0,0b0000100001000100,0b00,"VI produced, good quality",0b0001,Lower quality,0b01,Low,0b0,No,0b0,No,0b0,No,0b001,Land (Nothing else but land),0b0,No,0b0,No
43.0444,-78.7833,2016-11-24,h12v04,834.0,290.0,0.6189999580383301,35221.0,0b1000100110010101,0b01,"VI produced, but check other QA",0b0101,Decreasing quality (0101),0b10,Average,0b1,Yes,0b0,No,0b0,No,0b001,Land (Nothing else but land),0b0,No,0b1,Yes
43.0444,-78.7833,2016-12-10,h12v04,834.0,290.0,0.010400000028312206,2062.0,0b0000100000001110,0b10,"Pixel produced, but most probably cloudy",0b0011,Decreasing quality (0011),0b00,Climatology,0b0,No,0b0,No,0b0,No,0b001,Land (Nothing else but land),0b0,No,0b0,No
43.0444,-78.7833,2016-12-26,h12v04,834.0,290.0,0.3804999887943268,2257.0,0b0000100011010001,0b01,"VI produced, but check other QA",0b0100,Decreasing quality (0100),0b11,High,0b0,No,0b0,No,0b0,No,0b001,Land (Nothing else but land),0b0,No,0b0,No
43.0444,-78.7833,2017-01-09,h12v04,834.0,290.0,0.48079997301101685,35298.0,0b1000100111100010,0b10,"Pixel produced, but most probably cloudy",0b1000,Decreasing quality (1000),0b11,High,0b1,Yes,0b0,No,0b0,No,0b001,Land (Nothing else but land),0b0,No,0b1,Yes
43.0444,-78.7833,2017-01-25,h12v04,834.0,290.0,0.39069998264312744,35225.0,0b1000100110011001,0b01,"VI produced, but check other QA",0b0110,Decreasing quality (0110),0b10,Average,0b1,Yes,0b0,No,0b0,No,0b001,Land (Nothing else but land),0b0,No,0b1,Yes
43.0444,-78.7833,2017-02-10,h12v04,834.0,290.0,0.4169999957084656,2112.0,0b0000100001000000,0b00,"VI produced, good quality",0b0000,Highest quality,0b01,Low,0b0,No,0b0,No,0b0,No,0b001,Land (Nothing else but land),0b0,No,0b0,No
43.0444,-78.7833,2017-02-26,h12v04,834.0,290.0,0.4260999858379364,2112.0,0b0000100001000000,0b00,"VI produced, good quality",0b0000,Highest quality,0b01,Low,0b0,No,0b0,No,0b0,No,0b001,Land (Nothing else but land),0b0,No,0b0,No
43.0444,-78.7833,2017-03-14,h12v04,834.0,290.0,0.2721000015735626,2181.0,0b0000100010000101,0b01,"VI produced, but check other QA",0b0001,Lower quality,0b10,Average,0b0,No,0b0,No,0b0,No,0b001,Land (Nothing else but land),0b0,No,0b0,No
43.0444,-78.7833,2017-03-30,h12v04,834.0,290.0,0.4412999749183655,2116.0,0b0000100001000100,0b00,"VI produced, good quality",0b0001,Lower quality,0b01,Low,0b0,No,0b0,No,0b0,No,0b001,Land (Nothing else but land),0b0,No,0b0,No
43.0444,-78.7833,2017-04-15,h12v04,834.0,290.0,0.44609999656677246,2112.0,0b0000100001000000,0b00,"VI produced, good quality",0b0000,Highest quality,0b01,Low,0b0,No,0b0,No,0b0,No,0b001,Land (Nothing else but land),0b0,No,0b0,No
43.0444,-78.7833,2017-05-01,h12v04,834.0,290.0,0.6581999659538269,2116.0,0b0000100001000100,0b00,"VI produced, good quality",0b0001,Lower quality,0b01,Low,0b0,No,0b0,No,0b0,No,0b001,Land (Nothing else but land),0b0,No,0b0,No
43.0444,-78.7833,2017-05-17,h12v04,834.0,290.0,0.7665999531745911,2112.0,0b0000100001000000,0b00,"VI produced, good quality",0b0000,Highest quality,0b01,Low,0b0,No,0b0,No,0b0,No,0b001,Land (Nothing else but land),0b0,No,0b0,No
43.0444,-78.7833,2017-06-02,h12v04,834.0,290.0,0.8343999981880188,2112.0,0b0000100001000000,0b00,"VI produced, good quality",0b0000,Highest quality,0b01,Low,0b0,No,0b0,No,0b0,No,0b001,Land (Nothing else but land),0b0,No,0b0,No
43.0444,-78.7833,2017-06-18,h12v04,834.0,290.0,0.8761000037193298,2112.0,0b0000100001000000,0b00,"VI produced, good quality",0b0000,Highest quality,0b01,Low,0b0,No,0b0,No,0b0,No,0b001,Land (Nothing else but land),0b0,No,0b0,No
43.0444,-78.7833,2017-07-04,h12v04,834.0,290.0,0.8928999900817871,2112.0,0b0000100001000000,0b00,"VI produced, good quality",0b0000,Highest quality,0b01,Low,0b0,No,0b0,No,0b0,No,0b001,Land (Nothing else but land),0b0,No,0b0,No
43.0444,-78.7833,2017-07-20,h12v04,834.0,290.0,0.875499963760376,2112.0,0b0000100001000000,0b00,"VI produced, good quality",0b0000,Highest quality,0b01,Low,0b0,No,0b0,No,0b0,No,0b001,Land (Nothing else but land),0b0,No,0b0,No
43.0444,-78.7833,2017-08-05,h12v04,834.0,290.0,0.887999951839447,2112.0,0b0000100001000000,0b00,"VI produced, good quality",0b0000,Highest quality,0b01,Low,0b0,No,0b0,No,0b0,No,0b001,Land (Nothing else but land),0b0,No,0b0,No
43.0444,-78.7833,2017-08-21,h12v04,834.0,290.0,0.8222999572753906,2116.0,0b0000100001000100,0b00,"VI produced, good quality",0b0001,Lower quality,0b01,Low,0b0,No,0b0,No,0b0,No,0b001,Land (Nothing else but land),0b0,No,0b0,No
43.0444,-78.7833,2017-09-06,h12v04,834.0,290.0,0.7197999954223633,2112.0,0b0000100001000000,0b00,"VI produced, good quality",0b0000,Highest quality,0b01,Low,0b0,No,0b0,No,0b0,No,0b001,Land (Nothing else but land),0b0,No,0b0,No
43.0444,-78.7833,2017-09-22,h12v04,834.0,290.0,0.786300003528595,2112.0,0b0000100001000000,0b00,"VI produced, good quality",0b0000,Highest quality,0b01,Low,0b0,No,0b0,No,0b0,No,0b001,Land (Nothing else but land),0b0,No,0b0,No
43.0444,-78.7833,2017-10-08,h12v04,834.0,290.0,0.6961999535560608,2112.0,0b0000100001000000,0b00,"VI produced, good quality",0b0000,Highest quality,0b01,Low,0b0,No,0b0,No,0b0,No,0b001,Land (Nothing else but land),0b0,No,0b0,No
43.0444,-78.7833,2017-10-24,h12v04,834.0,290.0,0.4950999915599823,2449.0,0b0000100110010001,0b01,"VI produced, but check other QA",0b0100,Decreasing quality (0100),0b10,Average,0b1,Yes,0b0,No,0b0,No,0b001,Land (Nothing else but land),0b0,No,0b0,No
43.0444,-78.7833,2017-11-09,h12v04,834.0,290.0,0.5023999810218811,2116.0,0b0000100001000100,0b00,"VI produced, good quality",0b0001,Lower quality,0b01,Low,0b0,No,0b0,No,0b0,No,0b001,Land (Nothing else but land),0b0,No,0b0,No
43.0444,-78.7833,2017-11-25,h12v04,834.0,290.0,0.48669999837875366,2116.0,0b0000100001000100,0b00,"VI produced, good quality",0b0001,Lower quality,0b01,Low,0b0,No,0b0,No,0b0,No,0b001,Land (Nothing else but land),0b0,No,0b0,No
43.0444,-78.7833,2017-12-11,h12v04,834.0,290.0,0.11809999495744705,18449.0,0b0100100000010001,0b01,"VI produced, but check other QA",0b0100,Decreasing quality (0100),0b00,Climatology,0b0,No,0b0,No,0b0,No,0b001,Land (Nothing else but land),0b1,Yes,0b0,No
43.0444,-78.7833,2017-12-27,h12v04,834.0,290.0,0.10489999502897263,2062.0,0b0000100000001110,0b10,"Pixel produced, but most probably cloudy",0b0011,Decreasing quality (0011),0b00,Climatology,0b0,No,0b0,No,0b0,No,0b001,Land (Nothing else but land),0b0,No,0b0,No
43.0444,-78.7833,2018-01-09,h12v04,834.0,290.0,0.33309999108314514,2262.0,0b0000100011010110,0b10,"Pixel produced, but most probably cloudy",0b0101,Decreasing quality (0101),0b11,High,0b0,No,0b0,No,0b0,No,0b001,Land (Nothing else but land),0b0,No,0b0,No
43.0444,-78.7833,2018-01-25,h12v04,834.0,290.0,0.3513999879360199,35293.0,0b1000100111011101,0b01,"VI produced, but check other QA",0b0111,Decreasing quality (0111),0b11,High,0b1,Yes,0b0,No,0b0,No,0b001,Land (Nothing else but land),0b0,No,0b1,Yes
43.0444,-78.7833,2018-02-10,h12v04,834.0,290.0,0.05920000001788139,2058.0,0b0000100000001010,0b10,"Pixel produced, but most probably cloudy",0b0010,Decreasing quality (0010),0b00,Climatology,0b0,No,0b0,No,0b0,No,0b001,Land (Nothing else but land),0b0,No,0b0,No
43.0444,-78.7833,2018-02-26,h12v04,834.0,290.0,0.44919997453689575,2181.0,0b0000100010000101,0b01,"VI produced, but check other QA",0b0001,Lower quality,0b10,Average,0b0,No,0b0,No,0b0,No,0b001,Land (Nothing else but land),0b0,No,0b0,No
43.0444,-78.7833,2018-03-14,h12v04,834.0,290.0,0.33980000019073486,2181.0,0b0000100010000101,0b01,"VI produced, but check other QA",0b0001,Lower quality,0b10,Average,0b0,No,0b0,No,0b0,No,0b001,Land (Nothing else but land),0b0,No,0b0,No
43.0444,-78.7833,2018-03-30,h12v04,834.0,290.0,0.4323999881744385,2185.0,0b0000100010001001,0b01,"VI produced, but check other QA",0b0010,Decreasing quality (0010),0b10,Average,0b0,No,0b0,No,0b0,No,0b001,Land (Nothing else but land),0b0,No,0b0,No
43.0444,-78.7833,2018-04-15,h12v04,834.0,290.0,0.4438000023365021,2112.0,0b0000100001000000,0b00,"VI produced, good quality",0b0000,Highest quality,0b01,Low,0b0,No,0b0,No,0b0,No,0b001,Land (Nothing else but land),0b0,No,0b0,No
43.0444,-78.7833,2018-05-01,h12v04,834.0,290.0,0.53329998254776,2112.0,0b0000100001000000,0b00,"VI produced, good quality",0b0000,Highest quality,0b01,Low,0b0,No,0b0,No,0b0,No,0b001,Land (Nothing else but land),0b0,No,0b0,No
43.0444,-78.7833,2018-05-17,h12v04,834.0,290.0,0.8179000020027161,2112.0,0b0000100001000000,0b00,"VI produced, good quality",0b0000,Highest quality,0b01,Low,0b0,No,0b0,No,0b0,No,0b001,Land (Nothing else but land),0b0,No,0b0,No
43.0444,-78.7833,2018-06-02,h12v04,834.0,290.0,0.8923999667167664,2112.0,0b0000100001000000,0b00,"VI produced, good quality",0b0000,Highest quality,0b01,Low,0b0,No,0b0,No,0b0,No,0b001,Land (Nothing else but land),0b0,No,0b0,No
43.0444,-78.7833,2018-06-18,h12v04,834.0,290.0,0.8925999999046326,2112.0,0b0000100001000000,0b00,"VI produced, good quality",0b0000,Highest quality,0b01,Low,0b0,No,0b0,No,0b0,No,0b001,Land (Nothing else but land),0b0,No,0b0,No
43.0444,-78.7833,2018-07-04,h12v04,834.0,290.0,0.8662999868392944,2112.0,0b0000100001000000,0b00,"VI produced, good quality",0b0000,Highest quality,0b01,Low,0b0,No,0b0,No,0b0,No,0b001,Land (Nothing else but land),0b0,No,0b0,No
43.0444,-78.7833,2018-07-20,h12v04,834.0,290.0,0.808899998664856,2185.0,0b0000100010001001,0b01,"VI produced, but check other QA",0b0010,Decreasing quality (0010),0b10,Average,0b0,No,0b0,No,0b0,No,0b001,Land (Nothing else but land),0b0,No,0b0,No
43.0444,-78.7833,2018-08-05,h12v04,834.0,290.0,0.875499963760376,2181.0,0b0000100010000101,0b01,"VI produced, but check other QA",0b0001,Lower quality,0b10,Average,0b0,No,0b0,No,0b0,No,0b001,Land (Nothing else but land),0b0,No,0b0,No
43.0444,-78.7833,2018-08-21,h12v04,834.0,290.0,0.8481000065803528,2112.0,0b0000100001000000,0b00,"VI produced, good quality",0b0000,Highest quality,0b01,Low,0b0,No,0b0,No,0b0,No,0b001,Land (Nothing else but land),0b0,No,0b0,No
43.0444,-78.7833,2018-09-06,h12v04,834.0,290.0,0.48639997839927673,35221.0,0b1000100110010101,0b01,"VI produced, but check other QA",0b0101,Decreasing quality (0101),0b10,Average,0b1,Yes,0b0,No,0b0,No,0b001,Land (Nothing else but land),0b0,No,0b1,Yes
43.0444,-78.7833,2018-09-22,h12v04,834.0,290.0,0.8560000061988831,2112.0,0b0000100001000000,0b00,"VI produced, good quality",0b0000,Highest quality,0b01,Low,0b0,No,0b0,No,0b0,No,0b001,Land (Nothing else but land),0b0,No,0b0,No
43.0444,-78.7833,2018-10-08,h12v04,834.0,290.0,0.7211999893188477,2112.0,0b0000100001000000,0b00,"VI produced, good quality",0b0000,Highest quality,0b01,Low,0b0,No,0b0,No,0b0,No,0b001,Land (Nothing else but land),0b0,No,0b0,No
